"","x"
"snp_1841","AT5G48380"
"snp_42","AT1G07910"
"snp_1838","AT5G47690"
"snp_241","AT1G33730"
"snp_1988","AT5G65700"
"snp_1448","AT4G34150"
"snp_333","AT1G55530"
"snp_1839","AT5G48070"
"snp_56","AT1G09780"
"snp_1487","AT4G38660"
"snp_1812","AT5G43280"
"snp_616","AT2G14440"
"snp_661","AT2G21188"
"snp_1475","AT4G38320"
"snp_1087","AT3G49940"
"snp_828","AT3G08720"
"snp_894","AT3G17640"
"snp_1728","AT5G27740"
"snp_1488","AT4G38660"
"snp_915","AT3G19830"
"snp_1137","AT3G56080"
"snp_1208","AT4G00990"
"snp_414","AT1G65310"
"snp_144","AT1G23180"
"snp_485","AT1G74920"
"snp_1870","AT5G49840"
"snp_526","AT1G78830"
"snp_174","AT1G29340"
"snp_505","AT1G76810"
"snp_411","AT1G65190"
"snp_1942","AT5G59730"
"snp_1109","AT3G54010"
"snp_257","AT1G35515"
"snp_1709","AT5G24670"
"snp_1874","AT5G51180"
"snp_1780","AT5G39760"
"snp_327","AT1G54490"
"snp_395","AT1G63700"
"snp_50","AT1G09290"
"snp_771","AT2G44610"
"snp_1470","AT4G37770"
"snp_829","AT3G08720"
"snp_807","AT3G04630"
"snp_1642","AT5G21105"
"snp_1214","AT4G02200"
"snp_137","AT1G22040"
"snp_163","AT1G28090"
"snp_675","AT2G23290"
"snp_1039","AT3G46530"
"snp_1036","AT3G46530"
"snp_428","AT1G68400"
"snp_1213","AT4G01500"
"snp_249","AT1G34210"
"snp_1898","AT5G54585"
"snp_1346","AT4G19960"
"snp_109","AT1G18890"
"snp_192","AT1G29370"
"snp_1295","AT4G13340"
"snp_1584","AT5G13280"
"snp_1009","AT3G44400"
"snp_1362","AT4G22710"
"snp_1298","AT4G13460"
"snp_1047","AT3G46940"
"snp_83","AT1G13880"
"snp_806","AT3G04450"
"snp_2003","ATCG00065"
"snp_1037","AT3G46530"
"snp_701","AT2G30470"
"snp_1517","AT5G04340"
"snp_732","AT2G35470"
"snp_1626","AT5G19250"
"snp_1401","AT4G29190"
"snp_716","AT2G31810"
"snp_446","AT1G69840"
"snp_1297","AT4G13430"
"snp_2008","ATCG00740"
"snp_1034","AT3G46530"
"snp_778","AT2G45730"
"snp_1550","AT5G11040"
"snp_378","AT1G61190"
"snp_506","AT1G76810"
"snp_1200","AT3G62420"
"snp_471","AT1G73680"
"snp_363","AT1G57980"
"snp_588","AT2G05995"
"snp_589","AT2G05995"
"snp_679","AT2G24270"
"snp_460","AT1G72520"
"snp_1243","AT4G04800"
"snp_431","AT1G68690"
"snp_789","AT3G01370"
"snp_524","AT1G78830"
"snp_1078","AT3G48670"
"snp_291","AT1G48850"
"snp_244","AT1G33730"
"snp_1940","AT5G59500"
"snp_1999","ATMG00690"
"snp_651","AT2G17700"
"snp_432","AT1G68690"
"snp_150","AT1G25280"
"snp_211","AT1G30810"
"snp_1783","AT5G40080"
"snp_417","AT1G66130"
"snp_525","AT1G78830"
"snp_243","AT1G33730"
"snp_1068","AT3G48060"
"snp_142","AT1G22880"
"snp_1922","AT5G57490"
"snp_274","AT1G47420"
"snp_1391","AT4G27820"
"snp_1850","AT5G49730"
"snp_1041","AT3G46530"
"snp_960","AT3G26180"
"snp_44","AT1G08420"
"snp_408","AT1G65190"
"snp_1261","AT4G09760"
"snp_469","AT1G73650"
"snp_931","AT3G23710"
"snp_1393","AT4G27830"
"snp_1008","AT3G44400"
"snp_1643","AT5G21105"
"snp_1820","AT5G45340"
"snp_326","AT1G54270"
"snp_587","AT2G05940"
"snp_220","AT1G31360"
"snp_1403","AT4G29190"
"snp_1365","AT4G22780"
"snp_1143","AT3G57880"
"snp_714","AT2G31680"
"snp_107","AT1G18890"
"snp_1011","AT3G44400"
"snp_1549","AT5G10960"
"snp_1186","AT3G61430"
"snp_1369","AT4G23630"
"snp_1153","AT3G59320"
"snp_1829","AT5G46190"
"snp_1103","AT3G52950"
"snp_1336","AT4G17600"
"snp_131","AT1G20980"
"snp_1335","AT4G17530"
"snp_242","AT1G33730"
"snp_663","AT2G21188"
"snp_82","AT1G13740"
"snp_1939","AT5G59160"
"snp_1020","AT3G45630"
"snp_1101","AT3G52740"
"snp_456","AT1G72150"
"snp_1363","AT4G22753"
"snp_1600","AT5G16180"
"snp_1920","AT5G57170"
"snp_1510","AT5G03910"
"snp_24","AT1G04430"
"snp_995","AT3G30180"
"snp_1984","AT5G65430"
"snp_1140","AT3G56860"
"snp_1017","AT3G45030"
"snp_515","AT1G77930"
"snp_1126","AT3G54840"
"snp_1270","AT4G10910"
"snp_1216","AT4G02520"
"snp_1926","AT5G58040"
"snp_1795","AT5G41400"
"snp_1739","AT5G28540"
"snp_1108","AT3G54000"
"snp_876","AT3G15110"
"snp_1161","AT3G60260"
"snp_2001","ATCG00030"
"snp_729","AT2G33590"
"snp_221","AT1G31500"
"snp_1187","AT3G61440"
"snp_1038","AT3G46530"
"snp_468","AT1G73480"
"snp_1640","AT5G21040"
"snp_1124","AT3G54820"
"snp_1747","AT5G35220"
"snp_1609","AT5G17000"
"snp_61","AT1G10510"
"snp_1111","AT3G54620"
"snp_843","AT3G10640"
"snp_1450","AT4G34280"
"snp_1672","AT5G24150"
"snp_1779","AT5G39660"
"snp_100","AT1G18170"
"snp_1818","AT5G44290"
"snp_412","AT1G65310"
"snp_413","AT1G65310"
"snp_292","AT1G49032"
"snp_684","AT2G25430"
"snp_1595","AT5G15730"
"snp_156","AT1G27100"
"snp_1797","AT5G41580"
"snp_1040","AT3G46530"
"snp_1296","AT4G13410"
"snp_1983","AT5G65060"
"snp_387","AT1G62180"
"snp_1283","AT4G11850"
"snp_1953","AT5G61410"
"snp_1755","AT5G36230"
"snp_200","AT1G29470"
"snp_1908","AT5G54770"
"snp_1141","AT3G57530"
"snp_488","AT1G75290"
"snp_1588","AT5G13550"
"snp_1648","AT5G22400"
"snp_440","AT1G69295"
"snp_1869","AT5G49830"
"snp_928","AT3G23660"
"snp_980","AT3G28030"
"snp_1021","AT3G45640"
"snp_349","AT1G56580"
"snp_736","AT2G35820"
"snp_1389","AT4G27657"
"snp_834","AT3G09710"
"snp_93","AT1G16460"
"snp_77","AT1G13090"
"snp_1744","AT5G35210"
"snp_1424","AT4G31480"
"snp_991","AT3G29670"
"snp_1491","AT4G38950"
"snp_609","AT2G13360"
"snp_1148","AT3G58620"
"snp_788","AT3G01310"
"snp_1348","AT4G20170"
"snp_528","AT1G79040"
"snp_1714","AT5G24670"
"snp_741","AT2G38270"
"snp_1035","AT3G46530"
"snp_504","AT1G76720"
"snp_553","AT1G80760"
"snp_730","AT2G33600"
"snp_201","AT1G29470"
"snp_1402","AT4G29190"
"snp_842","AT3G10570"
"snp_1538","AT5G10020"
"snp_245","AT1G33730"
"snp_782","AT2G46500"
"snp_1635","AT5G20250"
"snp_1664","AT5G23020"
"snp_99","AT1G18160"
"snp_14","AT1G03230"
